imdb_id,movie name,year,release time,runtime,genre,language,country,awards,box office,
tt0111161,"The Shawshank Redemption","1994","14 Oct 1994","142 min","Drama","English","United States","Nominated for 7 Oscars. 21 wins & 43 nominations total","$28,699,976",
tt0068646,"The Godfather","1972","24 Mar 1972","175 min","Crime, Drama","English, Italian, Latin","United States","Won 3 Oscars. 31 wins & 30 nominations total","$134,966,411",
tt0071562,"The Godfather: Part II","1974","18 Dec 1974","202 min","Crime, Drama","English, Italian, Spanish, Latin, Sicilian","United States","Won 6 Oscars. 17 wins & 20 nominations total","$47,834,595",
tt0468569,"The Dark Knight","2008","18 Jul 2008","152 min","Action, Crime, Drama","English, Mandarin","United States, United Kingdom","Won 2 Oscars. 159 wins & 163 nominations total","$534,858,444",
tt0050083,"12 Angry Men","1957","10 Apr 1957","96 min","Crime, Drama","English","United States","Nominated for 3 Oscars. 17 wins & 13 nominations total","N/A",
tt0108052,"Schindler's List","1993","04 Feb 1994","195 min","Biography, Drama, History","English, Hebrew, German, Polish, Latin","United States","Won 7 Oscars. 91 wins & 49 nominations total","$96,898,818",
tt0167260,"The Lord of the Rings: The Return of the King","2003","17 Dec 2003","201 min","Action, Adventure, Drama","English, Quenya, Old English, Sindarin","New Zealand, United States","Won 11 Oscars. 209 wins & 124 nominations total","$377,845,905",
tt0110912,"Pulp Fiction","1994","14 Oct 1994","154 min","Crime, Drama","English, Spanish, French","United States","Won 1 Oscar. 70 wins & 75 nominations total","$107,928,762",
tt0060196,"Il buono, il brutto, il cattivo","1966","29 Dec 1967","178 min","Western","Italian","Italy, Spain, West Germany","3 wins & 6 nominations","$25,100,000",
tt0120737,"The Lord of the Rings: The Fellowship of the Ring","2001","19 Dec 2001","178 min","Action, Adventure, Drama","English, Sindarin","New Zealand, United States","Won 4 Oscars. 120 wins & 126 nominations total","$315,710,750",
tt0137523,"Fight Club","1999","15 Oct 1999","139 min","Drama","English","Germany, United States","Nominated for 1 Oscar. 11 wins & 38 nominations total","$37,030,102",
tt0109830,"Forrest Gump","1994","06 Jul 1994","142 min","Drama, Romance","English","United States","Won 6 Oscars. 50 wins & 75 nominations total","$330,455,270",
tt1375666,"Inception","2010","16 Jul 2010","148 min","Action, Adventure, Sci-Fi","English, Japanese, French","United Kingdom, United States","Won 4 Oscars. 157 wins & 220 nominations total","$292,576,195",
tt0167261,"The Lord of the Rings: The Two Towers","2002","18 Dec 2002","179 min","Action, Adventure, Drama","English, Sindarin, Old English","New Zealand, United States","Won 2 Oscars. 126 wins & 138 nominations total","$342,551,365",
tt0080684,"Star Wars: Episode V - The Empire Strikes Back","1980","20 Jun 1980","124 min","Action, Adventure, Fantasy","English","United States, United Kingdom","Won 2 Oscars. 25 wins & 20 nominations total","$292,753,960",
tt0133093,"The Matrix","1999","31 Mar 1999","136 min","Action, Sci-Fi","English","United States, Australia","Won 4 Oscars. 42 wins & 51 nominations total","$171,479,930",
tt0099685,"Goodfellas","1990","21 Sep 1990","146 min","Biography, Crime, Drama","English, Italian","United States","Won 1 Oscar. 44 wins & 38 nominations total","$46,836,214",
tt0073486,"One Flew Over the Cuckoo's Nest","1975","19 Nov 1975","133 min","Drama","English","United States","Won 5 Oscars. 37 wins & 15 nominations total","$108,981,275",
tt0047478,"Shichinin no samurai","1954","19 Nov 1956","207 min","Action, Adventure, Drama","Japanese","Japan","Nominated for 2 Oscars. 5 wins & 8 nominations total","$318,649",
tt0114369,"Se7en","1995","22 Sep 1995","127 min","Crime, Drama, Mystery","English","United States","Nominated for 1 Oscar. 29 wins & 43 nominations total","$100,125,643",
tt0102926,"The Silence of the Lambs","1991","14 Feb 1991","118 min","Crime, Drama, Thriller","English, Latin","United States","Won 5 Oscars. 69 wins & 51 nominations total","$130,742,922",
tt0317248,"Cidade de Deus","2002","13 Feb 2004","130 min","Crime, Drama","Portuguese","Brazil, France, Germany","Nominated for 4 Oscars. 74 wins & 50 nominations total","$7,564,459",
tt0118799,"La vita è bella","1997","20 Dec 1997","116 min","Comedy, Drama, Romance","Italian, German, English","Italy","Won 3 Oscars. 72 wins & 52 nominations total","$57,563,264",
tt0038650,"It's a Wonderful Life","1946","07 Jan 1947","130 min","Drama, Family, Fantasy","English, French","United States","Nominated for 5 Oscars. 6 wins & 6 nominations total","$44,000",
tt0076759,"Star Wars","1977","25 May 1977","121 min","Action, Adventure, Fantasy","English","United States, United Kingdom","Won 7 Oscars. 63 wins & 29 nominations total","$460,998,507",
tt0120815,"Saving Private Ryan","1998","24 Jul 1998","169 min","Drama, War","English, French, German, Czech","United States","Won 5 Oscars. 79 wins & 75 nominations total","$217,049,603",
tt0816692,"Interstellar","2014","07 Nov 2014","169 min","Adventure, Drama, Sci-Fi","English","United Kingdom, Canada, United States","Won 1 Oscar. 44 wins & 148 nominations total","$188,020,017",
tt0245429,"Sen to Chihiro no kamikakushi","2001","28 Mar 2003","125 min","Animation, Adventure, Family","Japanese, English","Japan","Won 1 Oscar. 58 wins & 31 nominations total","$13,750,644",
tt0120689,"The Green Mile","1999","10 Dec 1999","189 min","Crime, Drama, Fantasy","English, French","United States","Nominated for 4 Oscars. 15 wins & 37 nominations total","$136,801,374",
tt6751668,"Gisaengchung","2019","08 Nov 2019","132 min","Comedy, Drama, Thriller","Korean, English","South Korea","Won 4 Oscars. 306 wins & 271 nominations total","$53,369,749",
tt0110413,"Léon","1994","18 Nov 1994","110 min","Action, Crime, Drama","English, Italian, French","France, United States","6 wins & 15 nominations","$19,501,238",
tt0056058,"Seppuku","1962","04 Aug 1964","133 min","Action, Drama, Mystery","Japanese","Japan","8 wins & 2 nominations","N/A",
tt0253474,"The Pianist","2002","28 Mar 2003","150 min","Biography, Drama, Music","English, German, Russian","United Kingdom, France, Poland, Germany","Won 3 Oscars. 57 wins & 74 nominations total","$32,572,577",
tt0103064,"Terminator 2: Judgment Day","1991","03 Jul 1991","137 min","Action, Sci-Fi","English, Spanish","United States","Won 4 Oscars. 36 wins & 33 nominations total","$205,881,154",
tt0114814,"The Usual Suspects","1995","16 Aug 1995","106 min","Crime, Drama, Mystery","English, Hungarian, Spanish, French","United States, Germany","Won 2 Oscars. 37 wins & 17 nominations total","$23,341,568",
tt0088763,"Back to the Future","1985","03 Jul 1985","116 min","Adventure, Comedy, Sci-Fi","English","United States","Won 1 Oscar. 22 wins & 25 nominations total","$211,406,762",
tt0054215,"Psycho","1960","08 Sep 1960","109 min","Horror, Mystery, Thriller","English","United States","Nominated for 4 Oscars. 7 wins & 14 nominations total","$32,000,000",
tt0110357,"The Lion King","1994","24 Jun 1994","88 min","Animation, Adventure, Drama","English, Swahili, Xhosa, Zulu","United States","Won 2 Oscars. 39 wins & 35 nominations total","$422,783,777",
tt0027977,"Modern Times","1936","25 Feb 1936","87 min","Comedy, Drama, Family","English","United States","4 wins & 1 nomination","$163,577",
tt0120586,"American History X","1998","20 Nov 1998","119 min","Drama","English","United States","Nominated for 1 Oscar. 4 wins & 15 nominations total","$6,719,864",
tt0095327,"Hotaru no haka","1988","26 Jul 1989","89 min","Animation, Drama, War","Japanese","Japan","3 wins","$516,962",
tt0021749,"City Lights","1931","07 Mar 1931","87 min","Comedy, Drama, Romance","None, English","United States","3 wins","$19,181",
tt2582802,"Whiplash","2014","15 Oct 2014","106 min","Drama, Music","English","United States","Won 3 Oscars. 98 wins & 145 nominations total","$13,092,000",
tt0172495,"Gladiator","2000","05 May 2000","155 min","Action, Adventure, Drama","English","United States, United Kingdom, Malta, Morocco","Won 5 Oscars. 59 wins & 106 nominations total","$187,705,427",
tt0407887,"The Departed","2006","06 Oct 2006","151 min","Crime, Drama, Thriller","English, Cantonese","United States, Hong Kong","Won 4 Oscars. 97 wins & 141 nominations total","$132,384,315",
tt1675434,"Intouchables","2011","02 Nov 2011","112 min","Biography, Comedy, Drama","French, English","France","38 wins & 40 nominations total","$10,198,820",
tt0482571,"The Prestige","2006","20 Oct 2006","130 min","Drama, Mystery, Sci-Fi","English","United Kingdom, United States","Nominated for 2 Oscars. 6 wins & 45 nominations total","$53,089,891",
tt0034583,"Casablanca","1942","23 Jan 1943","102 min","Drama, Romance, War","English, French, German, Italian","United States","Won 3 Oscars. 10 wins & 9 nominations total","$4,108,411",
tt0064116,"C'era una volta il West","1968","04 Jul 1969","165 min","Western","English, Italian, Spanish","Italy, United States","4 wins & 5 nominations","$5,321,508",
tt0047396,"Rear Window","1954","01 Sep 1954","112 min","Mystery, Thriller","English","United States","Nominated for 4 Oscars. 6 wins & 13 nominations total","$36,764,313",
tt0095765,"Nuovo Cinema Paradiso","1988","23 Feb 1990","155 min","Drama, Romance","Italian","Italy, France","Won 1 Oscar. 25 wins & 32 nominations total","$12,397,210",
tt0078748,"Alien","1979","22 Jun 1979","117 min","Horror, Sci-Fi","English","United Kingdom, United States","Won 1 Oscar. 18 wins & 22 nominations total","$81,900,459",
tt0078788,"Apocalypse Now","1979","15 Aug 1979","147 min","Drama, Mystery, War","English, French, Vietnamese","United States","Won 2 Oscars. 21 wins & 33 nominations total","$83,471,511",
tt0209144,"Memento","2000","25 May 2001","113 min","Mystery, Thriller","English","United States","Nominated for 2 Oscars. 57 wins & 59 nominations total","$25,544,867",
tt0082971,"Raiders of the Lost Ark","1981","12 Jun 1981","115 min","Action, Adventure","English, German, Hebrew, Spanish, Arabic, Nepali","United States","Won 5 Oscars. 37 wins & 24 nominations total","$248,159,971",
tt0032553,"The Great Dictator","1940","07 Mar 1941","125 min","Comedy, Drama, War","English, Esperanto","United States","Nominated for 5 Oscars. 6 wins & 6 nominations total","N/A",
tt0405094,"Das Leben der Anderen","2006","30 Mar 2007","137 min","Drama, Mystery, Thriller","German","Germany, France","Won 1 Oscar. 80 wins & 38 nominations total","$11,286,112",
tt1853728,"Django Unchained","2012","25 Dec 2012","165 min","Drama, Western","English, German, French, Italian","United States","Won 2 Oscars. 58 wins & 158 nominations total","$162,805,434",
tt0050825,"Paths of Glory","1957","25 Dec 1957","88 min","Drama, War","English, German, Latin","United States","7 wins & 4 nominations total","N/A",
tt0043014,"Sunset Blvd.","1950","04 Aug 1950","110 min","Drama, Film-Noir","English","United States","Won 3 Oscars. 18 wins & 19 nominations total","$299,645",
tt0910970,"WALL·E","2008","27 Jun 2008","98 min","Animation, Adventure, Family","English, Hindi","United States","Won 1 Oscar. 93 wins & 95 nominations total","$223,808,164",
tt4154756,"Avengers: Infinity War","2018","27 Apr 2018","149 min","Action, Adventure, Sci-Fi","English","United States","Nominated for 1 Oscar. 46 wins & 77 nominations total","$678,815,482",
tt0051201,"Witness for the Prosecution","1957","06 Feb 1958","116 min","Crime, Drama, Mystery","English, German","United States","Nominated for 6 Oscars. 4 wins & 16 nominations total","N/A",
tt0081505,"The Shining","1980","13 Jun 1980","146 min","Drama, Horror","English","United Kingdom, United States","4 wins & 8 nominations","$45,332,952",
tt4633694,"Spider-Man: Into the Spider-Verse","2018","14 Dec 2018","117 min","Animation, Action, Adventure","English, Spanish","United States","Won 1 Oscar. 81 wins & 58 nominations total","$190,241,310",
tt0057012,"Dr. Strangelove or: How I Learned to Stop Worrying and Love the Bomb","1964","29 Jan 1964","95 min","Comedy","English, Russian","United Kingdom","Nominated for 4 Oscars. 14 wins & 11 nominations total","$9,440,272",
tt7286456,"Joker","2019","04 Oct 2019","122 min","Crime, Drama, Thriller","English","United States, Canada","Won 2 Oscars. 118 wins & 239 nominations total","$335,451,311",
tt0119698,"Mononoke-hime","1997","19 Dec 1997","134 min","Animation, Action, Adventure","Japanese","Japan","13 wins & 6 nominations","$4,845,631",
tt0364569,"Oldeuboi","2003","21 Nov 2003","120 min","Action, Drama, Mystery","Korean","South Korea","40 wins & 20 nominations","$707,481",
tt5311514,"Kimi no na wa.","2016","07 Apr 2017","106 min","Animation, Drama, Fantasy","Japanese","Japan","16 wins & 26 nominations","$5,017,246",
tt1345836,"The Dark Knight Rises","2012","20 Jul 2012","164 min","Action","English, Arabic","United Kingdom, United States","38 wins & 103 nominations total","$448,139,099",
tt2380307,"Coco","2017","22 Nov 2017","105 min","Animation, Adventure, Comedy","English, Spanish","United States, Mexico","Won 2 Oscars. 109 wins & 40 nominations total","$210,460,015",
tt0090605,"Aliens","1986","18 Jul 1986","137 min","Action, Adventure, Sci-Fi","English","United Kingdom, United States","Won 2 Oscars. 20 wins & 23 nominations total","$85,160,248",
tt0087843,"Once Upon a Time in America","1984","01 Jun 1984","229 min","Crime, Drama","English, Italian, French, Yiddish, Hebrew","Italy, United States","12 wins & 12 nominations total","$5,321,508",
tt8267604,"Capharnaüm","2018","20 Sep 2018","126 min","Drama","Arabic, Amharic","Lebanon, United States, France, Cyprus, Qatar, United Kingdom","Nominated for 1 Oscar. 35 wins & 52 nominations total","$1,661,096",
tt4154796,"Avengers: Endgame","2019","26 Apr 2019","181 min","Action, Adventure, Drama","English, Japanese, Xhosa, German","United States","Nominated for 1 Oscar. 70 wins & 123 nominations total","$858,373,000",
tt0082096,"Das Boot","1981","10 Feb 1982","149 min","Adventure, Drama, Thriller","German","West Germany","Nominated for 6 Oscars. 13 wins & 11 nominations total","$11,487,676",
tt0057565,"Tengoku to jigoku","1963","26 Nov 1963","143 min","Crime, Drama, Mystery","Japanese","Japan","3 wins & 3 nominations","$46,808",
tt0169547,"American Beauty","1999","01 Oct 1999","122 min","Drama","English","United States","Won 5 Oscars. 111 wins & 102 nominations total","$130,096,601",
tt0114709,"Toy Story","1995","22 Nov 1995","81 min","Animation, Adventure, Comedy","English","United States","Won 1 Oscar. 27 wins & 23 nominations total","$223,225,679",
tt1187043,"3 Idiots","2009","25 Dec 2009","170 min","Comedy, Drama","Hindi, English","India","64 wins & 25 nominations","$6,532,874",
tt8503618,"Hamilton","2020","03 Jul 2020","160 min","Biography, Drama, History","English","United States","Won 1 Primetime Emmy. 17 wins & 45 nominations total","N/A",
tt0086879,"Amadeus","1984","19 Sep 1984","160 min","Biography, Drama, Music","English, Italian, Latin, German","United States, France, Czechoslovakia, Italy","Won 8 Oscars. 43 wins & 15 nominations total","$51,973,029",
tt0112573,"Braveheart","1995","24 May 1995","178 min","Biography, Drama, History","English, French, Latin, Gaelic, Italian","United States","Won 5 Oscars. 33 wins & 34 nominations total","$75,609,945",
tt0361748,"Inglourious Basterds","2009","21 Aug 2009","153 min","Adventure, Drama, War","English, German, French, Italian","United States, Germany","Won 1 Oscar. 133 wins & 172 nominations total","$120,540,719",
tt0119217,"Good Will Hunting","1997","09 Jan 1998","126 min","Drama, Romance","English","United States","Won 2 Oscars. 24 wins & 61 nominations total","$138,433,435",
tt0086190,"Star Wars: Episode VI - Return of the Jedi","1983","25 May 1983","131 min","Action, Adventure, Fantasy","English","United States, United Kingdom","Won 1 Oscar. 22 wins & 20 nominations total","$309,306,177",
tt0062622,"2001: A Space Odyssey","1968","24 Jun 1970","149 min","Adventure, Sci-Fi","English, Russian, French","United Kingdom, United States","Won 1 Oscar. 16 wins & 12 nominations total","$60,405,931",
tt0105236,"Reservoir Dogs","1992","02 Sep 1992","99 min","Crime, Drama, Thriller","English","United States","12 wins & 23 nominations","$2,832,029",
tt0022100,"M - Eine Stadt sucht einen Mörder","1931","31 Aug 1931","99 min","Crime, Mystery, Thriller","German","Germany","2 wins","$35,566",
tt0052357,"Vertigo","1958","22 May 1958","128 min","Mystery, Romance, Thriller","English","United States","Nominated for 2 Oscars. 8 wins & 7 nominations total","$7,705,225",
tt0986264,"Taare Zameen Par","2007","21 Dec 2007","165 min","Drama, Family","Hindi","India","23 wins & 13 nominations","$1,223,869",
tt0033467,"Citizen Kane","1941","05 Sep 1941","119 min","Drama, Mystery","English, Italian","United States","Won 1 Oscar. 11 wins & 13 nominations total","$1,585,634",
tt0091251,"Idi i smotri","1985","17 Oct 1985","142 min","Drama, Thriller, War","Russian, Belarusian, German","Soviet Union","3 wins","$71,909",
tt2106476,"Jagten","2012","10 Jan 2013","115 min","Drama","Danish, English, Polish","Denmark, Sweden","Nominated for 1 Oscar. 38 wins & 73 nominations total","$613,308",
tt0180093,"Requiem for a Dream","2000","15 Dec 2000","102 min","Drama","English","United States","Nominated for 1 Oscar. 37 wins & 70 nominations total","$3,635,482",
tt0045152,"Singin' in the Rain","1952","11 Apr 1952","103 min","Comedy, Musical, Romance","English","United States","Nominated for 2 Oscars. 7 wins & 9 nominations total","$1,826,108",
tt0053125,"North by Northwest","1959","18 Dec 1959","136 min","Adventure, Mystery, Thriller","English, French","United States","Nominated for 3 Oscars. 8 wins & 10 nominations total","N/A",
tt0338013,"Eternal Sunshine of the Spotless Mind","2004","19 Mar 2004","108 min","Drama, Romance, Sci-Fi","English","United States","Won 1 Oscar. 73 wins & 111 nominations total","$34,400,301",
tt0040522,"Ladri di biciclette","1948","13 Dec 1949","89 min","Drama","Italian, English, German","Italy","Won 1 Oscar. 20 wins & 3 nominations total","$371,111",
tt0044741,"Ikiru","1952","25 Mar 1956","143 min","Drama","Japanese","Japan","5 wins & 2 nominations total","$60,239",
tt0056172,"Lawrence of Arabia","1962","11 Dec 1962","228 min","Adventure, Biography, Drama","English, Arabic, Turkish","United Kingdom","Won 7 Oscars. 31 wins & 14 nominations total","$45,306,425",
tt0012349,"The Kid","1921","06 Feb 1921","68 min","Comedy, Drama, Family","None, English","United States","2 wins","N/A",
tt0093058,"Full Metal Jacket","1987","10 Jul 1987","116 min","Drama, War","English, Vietnamese","United Kingdom, United States","Nominated for 1 Oscar. 8 wins & 15 nominations total","$46,357,676",
tt5074352,"Dangal","2016","21 Dec 2016","161 min","Action, Biography, Drama","Hindi, English","India, United States, United Kingdom, Australia, Kenya, Namibia","23 wins & 6 nominations","$12,391,761",
tt10272386,"The Father","2020","26 Feb 2021","97 min","Drama","English","United Kingdom, France","Won 2 Oscars. 26 wins & 136 nominations total","$2,122,771",
tt0048473,"Pather Panchali","1955","26 Aug 1955","125 min","Drama","Bengali","India","11 wins & 2 nominations total","$134,241",
tt0053604,"The Apartment","1960","29 Jun 1960","125 min","Comedy, Drama, Romance","English","United States","Won 5 Oscars. 24 wins & 8 nominations total","$18,600,000",
tt1255953,"Incendies","2010","12 Jan 2011","131 min","Drama, Mystery, War","French, Arabic, English","Canada, France","Nominated for 1 Oscar. 40 wins & 18 nominations total","$2,071,334",
tt0066921,"A Clockwork Orange","1971","02 Feb 1972","136 min","Crime, Drama, Sci-Fi","English","United Kingdom, United States","Nominated for 4 Oscars. 12 wins & 24 nominations total","$26,589,355",
tt0075314,"Taxi Driver","1976","09 Feb 1976","114 min","Crime, Drama","English, Spanish","United States","Nominated for 4 Oscars. 22 wins & 20 nominations total","$28,262,574",
tt0017136,"Metropolis","1927","13 Mar 1927","153 min","Drama, Sci-Fi","None, German","Germany","6 wins & 6 nominations","$1,236,166",
tt0036775,"Double Indemnity","1944","06 Jul 1944","107 min","Crime, Drama, Film-Noir","English","United States","Nominated for 7 Oscars. 2 wins & 9 nominations total","N/A",
tt1832382,"Jodaeiye Nader az Simin","2011","16 Mar 2011","123 min","Drama","Persian","Iran, France, Australia","Won 1 Oscar. 89 wins & 49 nominations total","$7,099,055",
tt0070735,"The Sting","1973","25 Dec 1973","129 min","Comedy, Crime, Drama","English","United States","Won 7 Oscars. 18 wins & 6 nominations total","$156,000,000",
tt0086250,"Scarface","1983","09 Dec 1983","170 min","Crime, Drama","English, Spanish","United States","8 nominations","$45,408,703",
tt0208092,"Snatch","2000","19 Jan 2001","102 min","Comedy, Crime","English, Russian","United Kingdom, United States","4 wins & 7 nominations","$30,328,156",
tt8579674,"1917","2019","10 Jan 2020","119 min","Action, Drama, War","English, French, German","United States, United Kingdom, India, Spain, Canada, China","Won 3 Oscars. 134 wins & 200 nominations total","$159,227,644",
tt0211915,"Le fabuleux destin d'Amélie Poulain","2001","08 Feb 2002","122 min","Comedy, Romance","French, Russian, English","France, Germany","Nominated for 5 Oscars. 59 wins & 74 nominations total","$33,225,499",
tt0056592,"To Kill a Mockingbird","1962","16 Mar 1963","129 min","Crime, Drama","English","United States","Won 3 Oscars. 14 wins & 16 nominations total","$592,237",
tt0435761,"Toy Story 3","2010","18 Jun 2010","103 min","Animation, Adventure, Comedy","English, Spanish","United States","Won 2 Oscars. 61 wins & 96 nominations total","$415,004,880",
tt0059578,"Per qualche dollaro in più","1965","10 May 1967","132 min","Western","Italian, English","Italy, Spain, West Germany","2 nominations","$15,000,000",
tt1049413,"Up","2009","29 May 2009","96 min","Animation, Adventure, Comedy","English","United States","Won 2 Oscars. 79 wins & 87 nominations total","$293,004,164",
tt0097576,"Indiana Jones and the Last Crusade","1989","24 May 1989","127 min","Action, Adventure","English, German, Greek, Arabic","United States","Won 1 Oscar. 8 wins & 22 nominations total","$197,171,806",
tt0113277,"Heat","1995","15 Dec 1995","170 min","Crime, Drama, Thriller","English, Spanish","United States","14 nominations","$67,436,818",
tt0119488,"L.A. Confidential","1997","19 Sep 1997","138 min","Crime, Drama, Mystery","English","United States","Won 2 Oscars. 91 wins & 85 nominations total","$64,616,940",
tt0055630,"Yôjinbô","1961","13 Sep 1961","110 min","Action, Drama, Thriller","Japanese","Japan","Nominated for 1 Oscar. 4 wins & 2 nominations total","$46,808",
tt0089881,"Ran","1985","01 Jun 1985","162 min","Action, Drama, War","Japanese","Japan, France","Won 1 Oscar. 30 wins & 23 nominations total","$4,135,750",
tt0095016,"Die Hard","1988","20 Jul 1988","132 min","Action, Thriller","English, German, Italian, Japanese","United States","Nominated for 4 Oscars. 8 wins & 6 nominations total","$83,844,093",
tt0042876,"Rashômon","1950","26 Dec 1951","88 min","Crime, Drama, Mystery","Japanese","Japan","Won 1 Oscar. 9 wins & 5 nominations total","$46,808",
tt6966692,"Green Book","2018","16 Nov 2018","130 min","Biography, Comedy, Drama","English, Italian, Russian, German","United States, China","Won 3 Oscars. 58 wins & 123 nominations total","$85,080,171",
tt0363163,"Der Untergang","2004","08 Apr 2005","156 min","Biography, Drama, History","German, Russian, French, English","Germany, Austria, Italy","Nominated for 1 Oscar. 22 wins & 34 nominations total","$5,509,040",
tt0071853,"Monty Python and the Holy Grail","1975","25 May 1975","91 min","Adventure, Comedy, Fantasy","English, French, Latin","United Kingdom","3 wins & 3 nominations","$1,827,696",
tt0042192,"All About Eve","1950","27 Oct 1950","138 min","Drama","English, French","United States","Won 6 Oscars. 26 wins & 20 nominations total","$63,463",
tt0053291,"Some Like It Hot","1959","19 Mar 1959","121 min","Comedy, Music, Romance","English","United States","Won 1 Oscar. 15 wins & 15 nominations total","N/A",
tt0372784,"Batman Begins","2005","15 Jun 2005","140 min","Action, Adventure","English, Mandarin","United Kingdom, United States","Nominated for 1 Oscar. 13 wins & 79 nominations total","$206,852,432",
tt0105695,"Unforgiven","1992","07 Aug 1992","130 min","Drama, Western","English","United States","Won 4 Oscars. 50 wins & 47 nominations total","$101,157,447",
tt0118849,"Bacheha-Ye aseman","1997","22 Jan 1999","89 min","Drama, Family, Sport","Persian","Iran","Nominated for 1 Oscar. 13 wins & 5 nominations total","$933,933",
tt0347149,"Hauru no ugoku shiro","2004","17 Jun 2005","119 min","Animation, Adventure, Family","Japanese","Japan","Nominated for 1 Oscar. 14 wins & 20 nominations total","$5,576,743",
tt1160419,"Dune","2021","22 Oct 2021","155 min","Action, Adventure, Drama","English","United States, Canada","1 nomination","N/A",
tt0993846,"The Wolf of Wall Street","2013","25 Dec 2013","180 min","Biography, Comedy, Crime","English, French","United States","Nominated for 5 Oscars. 37 wins & 179 nominations total","$116,900,694",
tt0055031,"Judgment at Nuremberg","1961","18 Dec 1961","179 min","Drama, War","English, German","United States","Won 2 Oscars. 16 wins & 25 nominations total","N/A",
tt0057115,"The Great Escape","1963","04 Jul 1963","172 min","Adventure, Drama, History","English, German, French, Russian, Spanish","United States","Nominated for 1 Oscar. 3 wins & 11 nominations total","N/A",
tt0112641,"Casino","1995","22 Nov 1995","178 min","Crime, Drama","English","United States, France","Nominated for 1 Oscar. 4 wins & 11 nominations total","$42,512,375",
tt0040897,"The Treasure of the Sierra Madre","1948","24 Jan 1948","126 min","Adventure, Drama, Western","English, Spanish","United States, Mexico","Won 3 Oscars. 16 wins & 8 nominations total","$5,014,000",
tt0469494,"There Will Be Blood","2007","25 Jan 2008","158 min","Drama","English, American Sign ","United States","Won 2 Oscars. 116 wins & 137 nominations total","$40,222,514",
tt0071411,"Dersu Uzala","1975","20 Dec 1977","142 min","Adventure, Biography, Drama","Russian, Chinese","Soviet Union, Japan","Won 1 Oscar. 8 wins & 2 nominations total","N/A",
tt0457430,"El laberinto del fauno","2006","19 Jan 2007","118 min","Drama, Fantasy, War","Spanish","Mexico, Spain","Won 3 Oscars. 109 wins & 115 nominations total","$37,634,615",
tt0268978,"A Beautiful Mind","2001","04 Jan 2002","135 min","Biography, Drama","English","United States","Won 4 Oscars. 37 wins & 69 nominations total","$170,742,341",
tt1305806,"El secreto de sus ojos","2009","21 May 2010","129 min","Drama, Mystery, Romance","Spanish","Argentina, Spain","Won 1 Oscar. 53 wins & 43 nominations total","$6,391,436",
tt0081398,"Raging Bull","1980","19 Dec 1980","129 min","Biography, Drama, Sport","English","United States","Won 2 Oscars. 24 wins & 28 nominations total","$23,383,987",
tt0071315,"Chinatown","1974","20 Jun 1974","130 min","Drama, Mystery, Thriller","English, Cantonese, Spanish","United States","Won 1 Oscar. 21 wins & 24 nominations total","$29,200,000",
tt0096283,"Tonari no Totoro","1988","13 Jul 1990","86 min","Animation, Family, Fantasy","Japanese","Japan","5 wins & 2 nominations","$2,250,213",
tt0120735,"Lock, Stock and Two Smoking Barrels","1998","28 Aug 1998","107 min","Action, Comedy, Crime","English","United Kingdom","13 wins & 9 nominations total","$3,753,929",
tt1130884,"Shutter Island","2010","19 Feb 2010","138 min","Mystery, Thriller","English, German","United States","11 wins & 66 nominations","$128,012,934",
tt0015864,"The Gold Rush","1925","13 Jul 1925","95 min","Adventure, Comedy, Drama","English","United States","Nominated for 2 Oscars. 3 wins & 3 nominations total","N/A",
tt0477348,"No Country for Old Men","2007","21 Nov 2007","122 min","Crime, Drama, Thriller","English, Spanish","United States","Won 4 Oscars. 163 wins & 140 nominations total","$74,283,625",
tt0046912,"Dial M for Murder","1954","29 May 1954","105 min","Crime, Thriller","English","United States","5 wins & 3 nominations total","$12,562",
tt0050976,"Det sjunde inseglet","1957","13 Oct 1958","96 min","Drama, Fantasy, History","Swedish, Latin","Sweden","9 wins & 2 nominations","N/A",
tt5027774,"Three Billboards Outside Ebbing, Missouri","2017","01 Dec 2017","115 min","Comedy, Crime, Drama","English","United Kingdom, United States","Won 2 Oscars. 131 wins & 232 nominations total","$54,513,740",
tt0084787,"The Thing","1982","25 Jun 1982","109 min","Horror, Mystery, Sci-Fi","English, Norwegian","United States, Canada","3 nominations","$19,629,760",
tt0080678,"The Elephant Man","1980","10 Oct 1980","124 min","Biography, Drama","English, French","United States, United Kingdom","Nominated for 8 Oscars. 10 wins & 22 nominations total","$26,010,864",
tt0167404,"The Sixth Sense","1999","06 Aug 1999","107 min","Drama, Mystery, Thriller","English, Latin, Spanish","United States","Nominated for 6 Oscars. 37 wins & 56 nominations total","$293,506,292",
tt4729430,"Klaus","2019","15 Nov 2019","96 min","Animation, Adventure, Comedy","English, Saami","Spain, United Kingdom, United States","Nominated for 1 Oscar. 11 wins & 26 nominations total","N/A",
tt0050986,"Smultronstället","1957","22 Jun 1959","91 min","Drama, Romance","Swedish, Latin","Sweden","Nominated for 1 Oscar. 18 wins & 4 nominations total","N/A",
tt0041959,"The Third Man","1949","03 Sep 1949","93 min","Film-Noir, Mystery, Thriller","English, German, Russian, French","United Kingdom","Won 1 Oscar. 5 wins & 4 nominations total","$1,067,364",
tt0120382,"The Truman Show","1998","05 Jun 1998","103 min","Comedy, Drama","English","United States","Nominated for 3 Oscars. 40 wins & 69 nominations total","$125,618,201",
tt0107290,"Jurassic Park","1993","11 Jun 1993","127 min","Action, Adventure, Sci-Fi","English, Spanish","United States","Won 3 Oscars. 44 wins & 27 nominations total","$404,214,720",
tt0434409,"V for Vendetta","2005","17 Mar 2006","132 min","Action, Drama, Sci-Fi","English","United States, United Kingdom, Germany","7 wins & 29 nominations","$70,511,035",
tt0353969,"Salinui chueok","2003","02 May 2003","132 min","Crime, Drama, Mystery","Korean, English","South Korea","31 wins & 4 nominations","$15,357",
tt2096673,"Inside Out","2015","19 Jun 2015","95 min","Animation, Adventure, Comedy","English, Portuguese","United States","Won 1 Oscar. 100 wins & 116 nominations total","$356,921,711",
tt0083658,"Blade Runner","1982","25 Jun 1982","117 min","Action, Sci-Fi, Thriller","English, German, Cantonese, Japanese, Hungarian, Arabic, Korean","United States","Nominated for 2 Oscars. 12 wins & 19 nominations total","$32,868,943",
tt0117951,"Trainspotting","1996","09 Aug 1996","93 min","Drama","English","United Kingdom","Nominated for 1 Oscar. 23 wins & 35 nominations total","$16,491,080",
tt0050212,"The Bridge on the River Kwai","1957","14 Dec 1957","161 min","Adventure, Drama, War","English, Japanese, Thai","United Kingdom, United States","Won 7 Oscars. 30 wins & 8 nominations total","$27,200,000",
tt0116282,"Fargo","1996","05 Apr 1996","98 min","Crime, Drama, Thriller","English","United States, United Kingdom","Won 2 Oscars. 83 wins & 58 nominations total","$24,611,975",
tt1291584,"Warrior","2011","09 Sep 2011","140 min","Action, Drama, Sport","English, Spanish","United States","Nominated for 1 Oscar. 5 wins & 22 nominations total","$13,657,115",
tt0266543,"Finding Nemo","2003","30 May 2003","100 min","Animation, Adventure, Comedy","English","United States","Won 1 Oscar. 48 wins & 63 nominations total","$380,843,261",
tt0266697,"Kill Bill: Vol. 1","2003","10 Oct 2003","111 min","Action, Crime, Drama","English, Japanese, French","United States, Hong Kong","29 wins & 103 nominations total","$70,099,045",
tt0031381,"Gone with the Wind","1939","17 Jan 1940","238 min","Drama, History, Romance","English","United States","Won 10 Oscars. 21 wins & 12 nominations total","$200,852,579",
tt0046438,"Tôkyô monogatari","1953","13 Mar 1972","136 min","Drama","Japanese, English","Japan","3 wins","N/A",
tt15097216,"Jai Bhim","2021","02 Nov 2021","164 min","Crime, Drama","Tamil","India","N/A","N/A",
tt0047296,"On the Waterfront","1954","22 Jun 1954","108 min","Crime, Drama, Thriller","English","United States","Won 8 Oscars. 30 wins & 9 nominations total","N/A",
tt0476735,"Babam ve Oglum","2005","18 Nov 2005","112 min","Drama, Family","Turkish","Turkey","14 wins & 7 nominations","N/A",
tt0065234,"Z","1969","08 Dec 1969","127 min","Crime, Drama, History","French, Russian, English","France, Algeria","Won 2 Oscars. 12 wins & 13 nominations total","$83,305",
tt3011894,"Relatos salvajes","2014","21 Aug 2014","122 min","Comedy, Drama, Thriller","Spanish","Argentina, Spain, France, United Kingdom","Nominated for 1 Oscar. 49 wins & 58 nominations total","$3,106,530",
tt0079944,"Stalker","1979","17 Apr 1980","162 min","Drama, Sci-Fi","Russian","Soviet Union","2 wins & 2 nominations","$292,049",
tt0077416,"The Deer Hunter","1978","23 Feb 1979","183 min","Drama, War","English, Vietnamese, French, Russian, Cantonese","United States","Won 5 Oscars. 24 wins & 27 nominations total","$48,979,328",
tt0015324,"Sherlock Jr.","1924","11 May 1924","45 min","Action, Comedy, Romance","None, English","United States","1 win","$977,375",
tt1205489,"Gran Torino","2008","09 Jan 2009","116 min","Drama","English, Hmong","Germany, United States","21 wins & 22 nominations","$148,095,302",
tt0060827,"Persona","1966","16 Mar 1967","83 min","Drama, Thriller","Swedish, English","Sweden","11 wins & 5 nominations total","N/A",
tt0017925,"The General","1926","02 Jan 1927","67 min","Action, Adventure, Comedy","English","United States","2 wins & 1 nomination","N/A",
tt1392214,"Prisoners","2013","20 Sep 2013","153 min","Crime, Drama, Mystery","English","United States","Nominated for 1 Oscar. 10 wins & 38 nominations total","$61,002,302",
tt2278388,"The Grand Budapest Hotel","2014","28 Mar 2014","99 min","Adventure, Comedy, Crime","English, French, German","United States, Germany","Won 4 Oscars. 134 wins & 226 nominations total","$59,301,324",
tt0978762,"Mary and Max.","2009","12 Mar 2010","92 min","Animation, Comedy, Drama","English, Yiddish","Australia, United States","5 wins & 9 nominations","N/A",
tt0112471,"Before Sunrise","1995","27 Jan 1995","101 min","Drama, Romance","English, German, French","United States, Austria, Switzerland","1 win & 7 nominations","$5,535,405",
tt0031679,"Mr. Smith Goes to Washington","1939","19 Oct 1939","129 min","Comedy, Drama","English","United States","Won 1 Oscar. 6 wins & 16 nominations total","$144,738",
tt0264464,"Catch Me If You Can","2002","25 Dec 2002","141 min","Biography, Crime, Drama","English, French","United States, Canada","Nominated for 2 Oscars. 16 wins & 46 nominations total","$164,615,351",
tt3170832,"Room","2015","22 Jan 2016","118 min","Drama, Thriller","English","Canada, Ireland, United Kingdom, United States","Won 1 Oscar. 107 wins & 140 nominations total","$14,677,654",
tt0107207,"In the Name of the Father","1993","25 Feb 1994","133 min","Biography, Crime, Drama","English","Ireland, United Kingdom","Nominated for 7 Oscars. 7 wins & 41 nominations total","$25,096,862",
tt0072684,"Barry Lyndon","1975","18 Dec 1975","185 min","Adventure, Drama, History","English, German, French","United Kingdom, United States","Won 4 Oscars. 19 wins & 15 nominations total","N/A",
tt2267998,"Gone Girl","2014","03 Oct 2014","149 min","Drama, Mystery, Thriller","English","United States","Nominated for 1 Oscar. 64 wins & 188 nominations total","$167,767,189",
tt2119532,"Hacksaw Ridge","2016","04 Nov 2016","139 min","Biography, Drama, History","English, Japanese","Australia, United States","Won 2 Oscars. 54 wins & 115 nominations total","$67,209,615",
tt0019254,"La passion de Jeanne d'Arc","1928","25 Oct 1928","114 min","Biography, Drama, History","None, French","France","5 wins & 2 nominations","$21,877",
tt8108198,"Andhadhun","2018","05 Oct 2018","139 min","Crime, Drama, Music","Hindi, English","India","27 wins & 25 nominations","$1,193,046",
tt1950186,"Ford v Ferrari","2019","15 Nov 2019","152 min","Action, Biography, Drama","English, Italian, French, Japanese","United States","Won 2 Oscars. 25 wins & 89 nominations total","$117,624,357",
tt2024544,"12 Years a Slave","2013","08 Nov 2013","134 min","Biography, Drama, History","English","United States, United Kingdom","Won 3 Oscars. 242 wins & 336 nominations total","$56,671,993",
tt0035446,"To Be or Not to Be","1942","06 Mar 1942","99 min","Comedy, Romance, War","English, German","United States","Nominated for 1 Oscar. 2 wins & 2 nominations total","$3,270,000",
tt0118715,"The Big Lebowski","1998","06 Mar 1998","117 min","Comedy, Crime, Sport","English, German, Hebrew, Spanish","United States, United Kingdom","5 wins & 18 nominations","$18,034,458",
tt0077711,"Höstsonaten","1978","18 Oct 1978","99 min","Drama, Music","Swedish, English","West Germany, Sweden, United Kingdom","Nominated for 2 Oscars. 10 wins & 9 nominations total","N/A",
tt0892769,"How to Train Your Dragon","2010","26 Mar 2010","98 min","Animation, Action, Adventure","English","United States","Nominated for 2 Oscars. 25 wins & 63 nominations total","$217,581,231",
tt0097165,"Dead Poets Society","1989","09 Jun 1989","128 min","Comedy, Drama","English, Latin","United States","Won 1 Oscar. 20 wins & 19 nominations total","$95,860,116",
tt1392190,"Mad Max: Fury Road","2015","15 May 2015","120 min","Action, Adventure, Sci-Fi","English, Russian","Australia, South Africa","Won 6 Oscars. 245 wins & 231 nominations total","$154,058,340",
tt0052618,"Ben-Hur","1959","18 Nov 1959","212 min","Adventure, Drama, History","English","United States","Won 11 Oscars. 29 wins & 16 nominations total","$74,422,622",
tt1201607,"Harry Potter and the Deathly Hallows: Part 2","2011","15 Jul 2011","130 min","Adventure, Fantasy, Mystery","English, Latin","United Kingdom, United States","Nominated for 3 Oscars. 46 wins & 94 nominations total","$381,409,310",
tt0405159,"Million Dollar Baby","2004","28 Jan 2005","132 min","Drama, Sport","English, Irish Gaelic","United States","Won 4 Oscars. 67 wins & 86 nominations total","$100,492,203",
tt0046268,"Le salaire de la peur","1953","16 Feb 1955","131 min","Adventure, Drama, Thriller","French, English, Spanish, German, Italian, Russian","France, Italy","6 wins total","N/A",
tt0092005,"Stand by Me","1986","22 Aug 1986","89 min","Adventure, Drama","English","United States","Nominated for 1 Oscar. 5 wins & 11 nominations total","$52,287,414",
tt4016934,"Ah-ga-ssi","2016","01 Jun 2016","145 min","Drama, Romance, Thriller","Korean, Japanese","South Korea","68 wins & 106 nominations total","$2,006,788",
tt0074958,"Network","1976","27 Nov 1976","121 min","Drama","English","United States","Won 4 Oscars. 20 wins & 26 nominations total","$23,689,877",
tt3315342,"Logan","2017","03 Mar 2017","137 min","Action, Drama, Sci-Fi","English, Spanish","United States","Nominated for 1 Oscar. 28 wins & 77 nominations total","$226,277,068",
tt0061512,"Cool Hand Luke","1967","01 Nov 1967","127 min","Crime, Drama","English","United States","Won 1 Oscar. 4 wins & 10 nominations total","N/A",
tt1028532,"Hachi: A Dog's Tale","2009","12 Mar 2010","93 min","Biography, Drama, Family","English, Japanese","United Kingdom, United States","1 nomination","N/A",
tt0053198,"Les quatre cents coups","1959","16 Nov 1959","99 min","Crime, Drama","French, English","France","Nominated for 1 Oscar. 10 wins & 7 nominations total","$509",
tt1954470,"Gangs of Wasseypur","2012","22 Jun 2012","321 min","Action, Comedy, Crime","Hindi","India","17 wins & 45 nominations","N/A",
tt0113247,"La haine","1995","23 Feb 1996","98 min","Crime, Drama","French","France","8 wins & 15 nominations","$280,859",
tt0091763,"Platoon","1986","06 Feb 1987","120 min","Drama, War","English, Vietnamese","United States, United Kingdom","Won 4 Oscars. 24 wins & 15 nominations total","$138,530,565",
tt1895587,"Spotlight","2015","20 Nov 2015","129 min","Biography, Crime, Drama","English","United States","Won 2 Oscars. 124 wins & 143 nominations total","$45,055,776",
tt5323662,"Koe no katachi","2016","17 Sep 2016","130 min","Animation, Drama","Japanese, Japanese Sign ","Japan","4 wins & 8 nominations","$644,391",
tt0032976,"Rebecca","1940","12 Apr 1940","130 min","Drama, Mystery, Romance","English, French","United States","Won 2 Oscars. 7 wins & 10 nominations total","N/A",
tt0198781,"Monsters, Inc.","2001","02 Nov 2001","92 min","Animation, Adventure, Comedy","English","United States","Won 1 Oscar. 15 wins & 38 nominations total","$290,642,256",
tt0079470,"Life of Brian","1979","17 Aug 1979","94 min","Comedy","English, Latin","United Kingdom","N/A","$20,206,622",
tt0116231,"Eskiya","1996","29 Nov 1996","128 min","Crime, Drama, Thriller","Turkish","Turkey, France, Bulgaria","6 wins","N/A",
tt0395169,"Hotel Rwanda","2004","04 Feb 2005","121 min","Biography, Drama, History","English, French, Kinyarwanda","United Kingdom, South Africa, Italy, United States","Nominated for 3 Oscars. 16 wins & 49 nominations total","$23,530,892",
tt0118694,"Fa yeung nin wah","2000","09 Mar 2001","98 min","Drama, Romance","Cantonese, Shanghainese, French, Spanish","Hong Kong, China","46 wins & 51 nominations total","$2,738,980",
tt1979320,"Rush","2013","27 Sep 2013","123 min","Action, Biography, Drama","English, German, Italian, French, Spanish","United Kingdom, Germany, United States","6 wins & 65 nominations total","$26,947,624",
tt0758758,"Into the Wild","2007","19 Oct 2007","148 min","Adventure, Biography, Drama","English, Danish","United States","Nominated for 2 Oscars. 23 wins & 106 nominations total","$18,354,356",
tt0245712,"Amores perros","2000","13 Apr 2001","154 min","Drama, Thriller","Spanish","Mexico","Nominated for 1 Oscar. 55 wins & 25 nominations total","$5,408,467",
tt0075148,"Rocky","1976","03 Dec 1976","120 min","Drama, Sport","English","United States","Won 3 Oscars. 20 wins & 21 nominations total","$117,235,147",
tt0087544,"Kaze no tani no Naushika","1984","25 Nov 1987","117 min","Animation, Adventure, Fantasy","Japanese","Japan","4 wins & 2 nominations","$495,770",
tt0060107,"Strasti po Andreyu","1966","01 Oct 1973","205 min","Biography, Drama, History","Russian, Italian, Tatar","Soviet Union","5 wins & 2 nominations","$124,189",
tt0025316,"It Happened One Night","1934","22 Feb 1934","105 min","Comedy, Romance","English","United States","Won 5 Oscars. 11 wins & 2 nominations total","N/A",
tt0381681,"Before Sunset","2004","30 Jul 2004","80 min","Drama, Romance","English, French","United States, France","Nominated for 1 Oscar. 9 wins & 32 nominations total","$5,820,649",
tt0083922,"Fanny och Alexander","1982","17 Dec 1982","188 min","Drama","Swedish, German, Yiddish, English, French","Sweden, France, West Germany","Won 4 Oscars. 25 wins & 12 nominations total","$6,783,304",
tt0058946,"La battaglia di Algeri","1966","20 Sep 1967","121 min","Drama, War","Arabic, French, English","Italy, Algeria","Nominated for 3 Oscars. 9 wins & 9 nominations total","$879,794",
tt0169858,"Shin seiki Evangelion Gekijô-ban: Air/Magokoro wo, kimi ni","1997","01 Jun 2002","87 min","Animation, Action, Drama","Japanese","Japan","2 wins","N/A",
tt0050783,"Le notti di Cabiria","1957","16 Oct 1957","110 min","Drama","Italian, Latin","Italy, France","Won 1 Oscar. 17 wins & 8 nominations total","$752,045",
tt0093779,"The Princess Bride","1987","09 Oct 1987","98 min","Adventure, Family, Fantasy","English","United Kingdom, United States","Nominated for 1 Oscar. 7 wins & 10 nominations total","$30,857,814",
tt0087884,"Paris, Texas","1984","23 Aug 1984","145 min","Drama","English, Spanish","West Germany, France, United Kingdom, United States","18 wins & 12 nominations total","$2,181,987",
tt0111495,"Trois couleurs: Rouge","1994","23 Nov 1994","99 min","Drama, Mystery, Romance","French","Switzerland, France, Poland","Nominated for 3 Oscars. 19 wins & 29 nominations total","$3,581,969",
tt2991224,"Mandariinid","2013","17 Apr 2015","87 min","Drama, War","Estonian, Russian, Georgian","Estonia, Georgia","Nominated for 1 Oscar. 12 wins & 10 nominations total","$144,501",
